No,회사,제목,지역,상세보기
1,의료법인 원광의료재단,요양병원 간호사 모집(가정전문간호사),전북 익산시,https://job.incruit.com/jobdb_info/jobpost.asp?job=2609180003692&src=etc*search
2,늘봄방문요양센터,간호사 구인,서울 성북구,https://job.incruit.com/jobdb_info/jobpost.asp?job=2609220003170&src=etc*search
3,감동실버타운,간호사 채용,경북 구미시,https://job.incruit.com/jobdb_info/jobpost.asp?job=2609170003369&src=etc*search
4,대한실버재가복지센터,간호사 모집,인천 부평구,https://job.incruit.com/jobdb_info/jobpost.asp?job=2609160002265&src=etc*search
5,디엠디케이복지센터,방문간호사 (간호사 및 방문간호조무사 채용),인천 미추홀구,https://job.incruit.com/jobdb_info/jobpost.asp?job=2609140004539&src=etc*search
6,연희통합복지센터,방문간호 간호사 채용,강원 원주시,https://job.incruit.com/jobdb_info/jobpost.asp?job=2609140001372&src=etc*search
7,백합센터,방문 간호사 모집,경기 고양시 일산서구,https://job.incruit.com/jobdb_info/jobpost.asp?job=2609140004667&src=etc*search
8,송추한가족요양원,간호사/간호조무사 구인합니다.,경기 양주시,https://job.incruit.com/jobdb_info/jobpost.asp?job=2609210001579&src=etc*search
9,성암요양병원,야간 간호사 채용,충북 보은군,https://job.incruit.com/jobdb_info/jobpost.asp?job=2609180001374&src=etc*search
10,행복드림주간보호센터,간호사 모집 공고,강원 강릉시,https://job.incruit.com/jobdb_info/jobpost.asp?job=2609210004601&src=etc*search
11,(A)+1건강드림실버케어통합재가센터,방문간호사 구함,경기 김포시,https://job.incruit.com/jobdb_info/jobpost.asp?job=2609150000698&src=etc*search
12,바로마디정형외과내과의원,외래 간호사,경남 진주시,https://job.incruit.com/jobdb_info/jobpost.asp?job=2609180000631&src=etc*search
13,강릉율곡병원,간호사 구인,강원 강릉시,https://job.incruit.com/jobdb_info/jobpost.asp?job=2609170003552&src=etc*search
14,강릉치유재활요양원,간호사 채용,강원 강릉시,https://job.incruit.com/jobdb_info/jobpost.asp?job=2609180000559&src=etc*search
15,광양탑삼육오요양원,간호사 채용,제주 제주시,https://job.incruit.com/jobdb_info/jobpost.asp?job=2609180000463&src=etc*search
16,의료법인우암의료재단우암병원,간호사 구인 (N전담),전남광주 북구,https://job.incruit.com/jobdb_info/jobpost.asp?job=2609140002159&src=etc*search
17,한아름산후조리원,신생아 담당 간호사(간호조무사) 채용,서울 강남구,https://job.incruit.com/jobdb_info/jobpost.asp?job=2609140003706&src=etc*search
18,세명재활의학병원,간호사 모집,경북 포항시 남구,https://job.incruit.com/jobdb_info/jobpost.asp?job=2609170002915&src=etc*search
19,닥터정요양원,간호사 (또는 간호조무사) 모집합니다,경기 평택시,https://job.incruit.com/jobdb_info/jobpost.asp?job=2609210004376&src=etc*search
20,부안효요양병원,심사간호사모집,전북 부안군,https://job.incruit.com/jobdb_info/jobpost.asp?job=2609150003144&src=etc*search
21,효사랑전주요양병원,간호사(3교대) 및 책임간호사(3교대 또는 상근) 모집합니다,전북 전주시 완산구,https://job.incruit.com/jobdb_info/jobpost.asp?job=2609220004000&src=etc*search
22,늘동행요양원,요양원 간호사 채용공고,강원 원주시,https://job.incruit.com/jobdb_info/jobpost.asp?job=2609170002434&src=etc*search
23,의료법인희연의료재단희연병원,【 재활병원 간호간병통합 간호사 모집  】,경남 창원시 성산구,https://job.incruit.com/jobdb_info/jobpost.asp?job=2609140004431&src=etc*search
24,온요양병원,DE전담 간호사-요양병원,경남 사천시,https://job.incruit.com/jobdb_info/jobpost.asp?job=2609230001309&src=etc*search
25,솔밭요양원,"솔밭요양원 간호사,간호조무사 구인",경기 파주시,https://job.incruit.com/jobdb_info/jobpost.asp?job=2609230002428&src=etc*search
26,의료법인백운의료재단,외래 간호사 구인합니다,전남광주 광양시,https://job.incruit.com/jobdb_info/jobpost.asp?job=2609170000708&src=etc*search
27,의료법인희연의료재단희연병원,감염관리간호사 모집,경남 창원시 성산구,https://job.incruit.com/jobdb_info/jobpost.asp?job=2609180001368&src=etc*search
28,노블레스요양병원,3교대 근무 간호사 모집,전남광주 나주시,https://job.incruit.com/jobdb_info/jobpost.asp?job=2609170003576&src=etc*search
29,바로마디정형외과내과의원,병동 간호사 모집,경남 진주시,https://job.incruit.com/jobdb_info/jobpost.asp?job=2609210003107&src=etc*search
30,미소드림요양원,간호사님 구인,경기 광주시,https://job.incruit.com/jobdb_info/jobpost.asp?job=2609220001637&src=etc*search
